Size,ve0-ve1,ve0-ve2,A1ve0-A4ve0,A1ve0-A4ve1,A1ve0-A4ve2,A1ve0-A4ve3,A1ve0-A2ve0,A1ve0-A3ve0
1000,0.924569,4.976801,0.578032,0.582891,0.581103,0.585036,0.578919,0.584442
10000,1.989707,34.870792,1.028237,1.022545,1.023654,1.024591,1.024727,1.024597
100000,4.477311,89.503851,2.163289,2.158152,2.161301,2.160194,2.163664,2.167532
1000000,8.459510,162.130174,6.799165,6.783825,6.791381,6.786993,6.802739,6.794046
10000000,9.704903,164.790031,7.659945,7.657707,7.659054,7.660356,7.657668,7.660024
20000000,9.788032,167.891446,7.723501,7.720168,7.723838,7.723408,7.719153,7.724005
